{
  "total_subpaths": 9065,
  "valid_subpaths": 9065,
  "building_paths": 325,
  "text_paths": 8740,
  "ocr_regions": 377,
  "svg_extent": {
    "x_min": -774.9915511758376,
    "y_min": -463.34405910000027,
    "x_max": 790.4878450000001,
    "y_max": 466.72612000000004
  }
}